{"cameraMode":{"drawMode":0,"name":"Shaded","section":"Shading Mode"},"sceneLighting":false,"audioPlay":false,"sceneViewState":{"showFog":true,"showMaterialUpdate":false,"showSkybox":false,"showFlares":true,"showImageEffects":true,"showParticleSystems":true},"in2DMode":false,"pivot":{"x":8.4138765335083,"y":-15.489424705505371,"z":52.852508544921878},"rotation":{"x":-0.1670154631137848,"y":-0.07623226195573807,"z":0.012952238321304322,"w":-0.9829229116439819},"size":72.48247528076172,"orthographic":false}